<?xml version="1.0"?>
<Unit xmlns:xsi="http://www.w3.org/2001/XMLSchema-instance" xsi:noNamespaceSchemaLocation="https://raw.githubusercontent.com/iqb-berlin/testcenter/14.14.0/definitions/vo_Unit.xsd">
  <Metadata lastChange="2024-06-11T10:12:09.243Z">
    <Id>Aufgabe1</Id>
    <Label>Aufgabe1</Label>
    <Reference/>
  </Metadata>
  <DefinitionRef player="iqb-player-aspect@2.4" editor="iqb-editor-aspect@2.4" lastChange="2024-06-11T10:31:44.658Z">Aufgabe1.voud</DefinitionRef>
  <BaseVariables>
    <Variable id="audio_1" type="number" format="" nullable="false" multiple="false" page=""/>
    <Variable id="radio_1" type="integer" format="" nullable="false" multiple="false" page="">
      <Values complete="true">
        <Value>
          <label>ja</label>
          <value>1</value>
        </Value>
        <Value>
          <label>nein</label>
          <value>2</value>
        </Value>
      </Values>
    </Variable>
  </BaseVariables>
  <CodingSchemeRef schemer="iqb-schemer@1.5" lastChange="2024-06-11T10:11:48.387Z"/>
</Unit>
