<?xml version="1.0"?>
<Unit xmlns:xsi="http://www.w3.org/2001/XMLSchema-instance" xsi:noNamespaceSchemaLocation="https://raw.githubusercontent.com/iqb-berlin/testcenter/14.14.0/definitions/vo_Unit.xsd">
  <Metadata lastChange="2024-06-11T10:29:33.404Z">
    <Id>Aufgabe2</Id>
    <Label>Aufgabe2</Label>
    <Reference/>
  </Metadata>
  <DefinitionRef player="iqb-player-aspect@2.4" editor="iqb-editor-aspect@2.4" lastChange="2024-06-11T10:34:27.069Z">Aufgabe2.voud</DefinitionRef>
  <BaseVariables>
    <Variable id="video_1" type="number" format="" nullable="false" multiple="false" page=""/>
    <Variable id="radio_1" type="integer" format="" nullable="false" multiple="false" page="">
      <Values complete="true">
        <Value>
          <label>Mehr als 10 Autos</label>
          <value>1</value>
        </Value>
        <Value>
          <label>Die Zeit ist beschleunigt</label>
          <value>2</value>
        </Value>
      </Values>
    </Variable>
  </BaseVariables>
  <CodingSchemeRef schemer="" lastChange="2024-06-11T10:29:33.404Z"/>
</Unit>
