<?xml version="1.0"?>
<Unit xmlns:xsi="http://www.w3.org/2001/XMLSchema-instance" xsi:noNamespaceSchemaLocation="https://raw.githubusercontent.com/iqb-berlin/testcenter/14.14.0/definitions/vo_Unit.xsd">
  <Metadata lastChange="2024-06-11T10:10:53.384Z">
    <Id>Ende</Id>
    <Label>Verabschiedung</Label>
    <Reference/>
  </Metadata>
  <DefinitionRef player="iqb-player-aspect@2.4" editor="iqb-editor-aspect@2.4" lastChange="2024-06-11T10:10:53.445Z">Ende.voud</DefinitionRef>
  <CodingSchemeRef schemer="" lastChange="2024-06-11T10:10:53.384Z"/>
</Unit>
