<?xml version="1.0"?>
<Unit xmlns:xsi="http://www.w3.org/2001/XMLSchema-instance" xsi:noNamespaceSchemaLocation="https://raw.githubusercontent.com/iqb-berlin/testcenter/14.14.0/definitions/vo_Unit.xsd">
  <Metadata lastChange="2024-06-11T10:11:04.160Z">
    <Id>Start</Id>
    <Label>Start</Label>
    <Reference/>
  </Metadata>
  <DefinitionRef player="iqb-player-aspect@2.4" editor="iqb-editor-aspect@2.4" lastChange="2024-06-11T10:08:19.476Z">Start.voud</DefinitionRef>
  <CodingSchemeRef schemer="" lastChange="2024-06-11T10:05:37.073Z"/>
</Unit>
